,0,1,2,3,4,5,6,7,8,9
11Cl-PF3OUdS__0,1.6479873021779667e-17,-8.814563662307151e-17,7.48099499014998e-18,2.1510571102112408e-16,-1.3010426069826053e-17,-1.4268100589909238e-16,-1.1709383462843448e-16,2.0252896582029223e-16,-1.1275702593849246e-16,2.5326962749261384e-16
4:2 FTS__0,-0.0007251380205814907,0.00010916706195476865,-0.00118687691940312,-0.0038583806236760086,-0.006112932193491807,0.0020318481383452543,-0.005970633515902727,0.0021311775015548213,-0.005689660920623776,0.00048698777910224163
4:2 FTS__1,3.73337309896275,-0.5620466184741512,6.110635819548229,19.86487264099554,31.472431398192718,-10.460970140271352,30.739806656624886,-10.97236736675464,29.293219249831346,-2.5072565807063922
6:2 FTS__0,-0.030610560674233765,0.002566994458107887,-0.03913540245556291,-0.07877548115598165,0.04356489290642782,0.00588804706989129,-0.023659528311359167,-0.007597056928042221,0.0022485320789203413,-0.0022316484099272373
6:2 FTS__1,1.7015771557209796,-0.1426938622674642,2.1754553112248978,4.37896452118167,-2.421681437001813,-0.32730424289060456,1.3151837798133212,0.42230453264287965,-0.1249912035298862,0.1240526756221812
8:2 FTS__0,-0.004610165427220456,0.0010064465870740992,-0.017799214414931038,-0.0071412126252121556,0.005895924838860905,0.004844658711835745,-0.004756354722917705,-0.0038155769018576456,0.004672399428672121,-0.0026325202000515727
8:2 FTS__1,4.743399208066543,-1.0355328934405863,18.313611711522647,7.34759367008098,-6.066317066703842,-4.984669348607781,4.893813374410016,3.9258470743214167,-4.807431772160697,2.7086000338332137
9Cl-PF3ONS__0,-0.0001056302785753414,1.1152854949663749e-05,8.181115155064865e-05,-6.179031479717524e-06,-0.0008540536783937553,-0.0016791211680067908,0.0023763845232564517,-0.005796218690092206,-0.0039127968564618525,-0.003326918958249359
9Cl-PF3ONS__1,1.0877806087622723,-0.1148521002729794,-0.8424912386673523,0.06363166617797526,8.795044780097193,17.291589788131652,-24.472007820494554,59.68946007056912,40.29398202784446,34.260611432053935
ADONA__0,-0.0005873359315204576,2.3007014974784235e-05,-0.00039123716471283214,-0.004796816444316285,0.005195225849912651,-0.00030092408123501497,-5.964047115611902e-05,-0.006829788893574726,-0.0036987184326103444,0.005492545525424266
ADONA__1,2.01573691697754,-0.07896007539369522,1.3427259492951,16.46267403689221,-17.830015116900448,1.032771446796941,0.20468609700844795,23.43983548274856,12.694001660718234,-18.850416243255882
HFPO-DA__0,-0.008618375488192926,8.506172122694231e-05,0.008037664760297328,0.01453171138662716,0.00474841957574965,0.01835147643206663,-0.01898106299905412,-0.007265274292207254,-0.004143109867720161,0.003783313143812789
HFPO-DA__1,1.8799060745735154,-0.018554314170615212,-1.7532370026078092,-3.1697681943765943,-1.0357616487358556,-4.002964603862758,4.140294848219131,1.5847572775257321,0.9037268588056532,-0.8252452414971407
NEtFOSAA__0,-4.9831324035051576e-05,1.2854040022277887e-05,7.505789032422451e-05,0.00026432545179873226,-0.0005133169310184466,-3.96310557713715e-05,-0.000815971132368201,-0.004158647238617462,0.00021444842985315123,-0.0024724064392120685
NEtFOSAA__1,0.5131629749063046,-0.13237090415075517,-0.7729461545576325,-2.7220235026235353,5.286137755626239,0.4081206123314426,8.402870721127956,42.82574926328064,-2.2083899306270602,25.46084151100815
NFDHA__0,-0.0009692122694682321,-5.7871622069058945e-05,-8.496494159810112e-05,-0.0053600815755255864,0.005910636375412309,-0.002468862504025503,0.001991264295281632,0.006147249555334565,-0.0022216804572558514,-0.005658006408809502
NFDHA__1,2.494510078545024,0.14894708730015616,0.21867851843804026,13.795509955008756,-15.212500371217281,6.354234869736011,-5.125016479979777,-15.821483543042113,5.718050076862259,14.56229399467406
NMeFOSAA__0,6.429475115899298e-05,5.8997369196507e-06,2.0561328270175686e-06,5.183898830189628e-05,4.923943422047118e-05,0.00032047002810535507,-0.00030762594496298434,0.002054856281881559,-0.0010794140328275886,-0.007378550505533176
NMeFOSAA__1,-0.6621073474418722,-0.06075549079989795,-0.0211740558514078,-0.533837901533065,-0.5070676936042026,-3.300200349431122,3.167931981229149,-21.160909990816997,11.115805710059195,75.98431310598274
PFBA__0,-0.2705749169841346,-0.02342452395104213,0.031439260144698694,-0.03057010849570406,0.09655754359074617,-0.007061811293681879,0.03510515724583535,0.06607195307241703,0.015576724690404895,-0.015448021965564811
PFBA__1,1.2015070006173467,0.10401825057182204,-0.13960825186283046,0.1357487226703055,-0.4287705818403664,0.03135847106956569,-0.1558869264704114,-0.2933971672090524,-0.06916954450477772,0.0685980309786262
PFBS__0,-0.34131932542927734,-0.009811479822557145,0.05614329656762178,0.013274345402487175,0.019435433761177873,-0.010221514358938312,0.0054928569521865605,-0.004997704839734209,-0.004775990632144848,-0.009565790084206929
PFBS__1,1.7585897143533553,0.050551979372494095,-0.2892687771181224,-0.06839380471711426,-0.10013776355445575,0.052664612512449444,-0.028301010282324734,0.025749823323003757,0.02460747861544115,0.0492861048245439
PFDA__0,-0.00516880224393138,0.0011718750942977607,-0.021274647916492532,0.011090280901302006,0.005318681670813934,-0.0102327470707133,-0.004768691878608908,0.000772680777793027,-0.00031109931935521785,-9.47861218551975e-05
PFDA__1,3.5437308184391663,-0.8034375646506426,14.585898611547368,-7.603496585932897,-3.6464881535101155,7.0155713916808775,3.2694151519745125,-0.5297499412547949,0.21328969334985926,0.06498536514407309
PFDoA__0,-0.0003327514042097109,0.00012821837216108237,-0.002398178518741668,0.004732434901109375,0.002278583522074888,-0.014414202598935125,-0.007879552138292984,0.0016286503716421326,-0.0035561336432570604,0.0015341012400529096
PFDoA__1,0.8564189265858999,-0.33000203534966954,6.172311962611311,-12.18010432673049,-5.864504339940133,37.0985539390094,20.279997315932896,-4.191738894013794,9.152598964332855,-3.948393066585582
PFEESA__0,1.6479873021779667e-17,-8.814563662307151e-17,7.48099499014998e-18,2.1510571102112408e-16,-1.3010426069826053e-17,-1.4268100589909238e-16,-1.1709383462843448e-16,2.0252896582029223e-16,-1.1275702593849246e-16,2.5326962749261384e-16
PFHpA__0,-0.1671604761547513,0.005603137676633454,-0.014568353270150627,-0.006264312447836047,-0.009230752478554849,0.004837239708885997,0.008565026161811895,0.005604327377220575,0.007556853213217682,0.007772810969418118
PFHpA__1,2.946014467638718,-0.09874896889054276,0.25675076124934626,0.11040142697397413,0.16268157984808976,-0.08525088282604282,-0.15094890591864607,-0.09876993601878858,-0.13318099713565612,-0.13698700851346451
PFHpS__0,-0.001537441406804548,6.74765830457649e-05,0.00047252812294302604,-0.004288898615003237,-0.004509229658846886,-0.006104167885213948,-0.001531678627846627,-0.004225116357266759,0.01586785055257191,-0.0031219362962665205
PFHpS__1,3.1652843683291176,-0.13892078917457365,-0.9728408995150093,8.829984468568966,9.283602021634008,12.567260842077635,3.153419959010219,8.6986695563412,-32.668730717635555,6.427442446754337
PFHxA__0,-0.389287622498225,-0.004124044682859559,0.06401946537228906,0.011869428987923786,0.05798200556453059,0.007522762117529275,0.016862673535859272,0.03524544627576617,-0.013744061650031414,0.0008336711975210297
PFHxA__1,1.8656466992729857,0.019764333376066347,-0.3068109473775454,-0.05688380450286756,-0.27787664196589845,-0.03605256243164712,-0.08081374645616037,-0.16891251277604236,0.06586791300332881,-0.00399533873682405
PFHxS__0,-0.22087942009996803,0.008239628652160364,0.005348336182063211,-0.016727776344366015,-0.06867512227917531,-0.0497997735345115,0.02953057541920174,-0.02045004727238125,-0.002401226121677842,0.00048285307628714424
PFHxS__1,2.007168716638115,-0.07487490169906472,-0.04860123711771132,0.15200813802451038,0.6240624725819667,0.45253898026757544,-0.26834934254589127,0.18583304465539147,0.02182034863558009,-0.004387767719676257
PFMBA__0,-0.00010688178676429138,-0.009078042254352074,-0.0005040505348966011,5.533831973038219e-05,-0.00018659021135760236,2.103491692966074e-05,-5.5688086540948804e-05,-9.681317818528842e-05,5.267882551836071e-06,7.695831581557575e-06
PFMBA__1,1.1006686400919965,93.48567913531747,5.190712408366297,-0.5698740165836256,1.9215059965588537,-0.21661757454379846,0.5734759151990302,0.9969821089512828,-0.05424865451814458,-0.07925167362455385
PFMPA__0,-0.00019705944618259117,-0.012844342341983669,-0.0006952152767071066,6.474143388389073e-05,-0.00021358536347276455,8.839440776669183e-05,-0.0002944289440694166,-0.00020268740405922575,7.079628779526476e-05,-3.860957972928454e-05
PFMPA__1,1.0145605586699977,66.1290965477027,3.579315852127772,-0.3333212723516113,1.0996442438395384,-0.4550986083877304,1.5158674185411718,1.0435360997992862,-0.3644946877141948,0.19878142123770326
PFNA__0,-0.023987179894107855,0.0033953212906890793,-0.05061839696442176,0.00658899272123176,-0.02353179127261997,0.015209036501372819,0.01660565985935315,0.004379713530408689,-0.0065129950764874255,0.0032629507701871455
PFNA__1,2.9524461421471178,-0.41791087115278114,6.230331848054603,-0.8110018028928054,2.8963949354347895,-1.8719941794943198,-2.043896640037928,-0.5390741376705314,0.801647683149332,-0.4016181333521705
PFOA__0,-0.29470395258326754,0.009103378438521766,0.02416762206779977,0.04849238857898391,-0.015252898771279272,0.020378791583788552,-0.024574619028072085,-0.023905558492875748,0.003452057307762798,0.011584075566348715
PFOA__1,2.0617836309998645,-0.06368830986763892,-0.16907953606594983,-0.3392584732028133,0.10671107983540022,-0.14257243087074614,0.17192693483071025,0.16724610836902504,-0.024151000310753006,-0.08104355972699116
PFOS__0,-0.2942009915250364,0.010871086367917657,0.021487743876623524,0.041524022703176414,-0.05604809369952458,-0.00574898691139403,-0.006199580548678899,-0.05030404536481952,0.004290722975872335,-0.0016946744224510478
PFOS__1,1.973745125029124,-0.07293229574524401,-0.14415767093276663,-0.2785777062040187,0.37601726334493923,0.038568989286546715,0.04159194645045937,0.33748140614137595,-0.028785741042472602,0.011369286563195677
PFPeA__0,-0.40966829973126695,-0.017443998790592375,0.07269518773948196,0.015225450323562734,0.0730441723364129,0.015902070528190492,0.019255340174691542,0.041492021920431374,-0.02134209916279087,0.0015071842494295102
PFPeA__1,1.6666967686409428,0.07096926082767073,-0.29575350248144516,-0.061943306016187506,-0.2971733133391366,-0.06469607138609856,-0.07833853209850997,-0.1688063706772665,0.08682831386751569,-0.006131836707692132
PFPeS__0,-0.016053494157052404,0.0007790464768879184,-0.0003721749700735414,-0.024921105843504803,-0.035747061167875495,-0.010716767001470477,-0.011091705934838924,0.004356445360756195,-0.00021886486543223524,0.002112989543434084
PFPeS__1,3.29064523231253,-0.15968894683246637,0.0762884253656517,5.108328275801628,7.3274325981911375,2.196722899961456,2.273577882523278,-0.8929841700478074,0.04486292011628785,-0.43312059661306695
PFTA__0,1.6479873021779667e-17,-8.814563662307151e-17,7.48099499014998e-18,2.1510571102112408e-16,-1.3010426069826053e-17,-1.4268100589909238e-16,-1.1709383462843448e-16,2.0252896582029223e-16,-1.1275702593849246e-16,2.5326962749261384e-16
PFTrDA__0,1.6479873021779667e-17,-8.814563662307151e-17,7.48099499014998e-18,2.1510571102112408e-16,-1.3010426069826053e-17,-1.4268100589909238e-16,-1.1709383462843448e-16,2.0252896582029223e-16,-1.1275702593849246e-16,2.5326962749261384e-16
PFUnA__0,-0.0027666145630802414,0.0007874572589872188,-0.01484406741224377,0.006212371757611865,-0.0023532426031042165,0.002776573064545125,0.005770920576066134,0.00078032658619897,0.0006416345674742194,0.0001005143465719182
PFUnA__1,4.746127282964631,-1.3508829277928527,25.464997645704123,-10.657323750183465,4.036987685625458,-4.76321109222765,-9.90001424824108,-1.3386502586241016,-1.100724100501875,-0.1724323615434571
lithium__0,0.04549415704697809,-0.01879214927412994,-0.030099460101161938,-0.21510116046473163,-0.08795443359796946,-0.24822349072377217,0.4345182661846077,0.11156518403960043,-0.10189359375416149,0.1363763303539883
lithium__1,-0.07935111964548817,0.032777353889809076,0.05249961785830189,0.37518044135415185,0.15341053086392473,0.4329525633567316,-0.7578887744323054,-0.19459251125052626,0.17772327863435722,-0.23786822768377372
