PWS_ID,State,PWS_Name,Source_Water_Type,Total_Results,Detections,Detection_Rate,Detection_Rate_Pct,CI_Lower,CI_Upper,CI_String
GU0000006,GU,GWA NORTHERN WATER SYSTEM,GW,3450,323,0.0936231884057971,9.36231884057971,0.08434949697051179,0.10380088027898339,0.0843-0.1038
NC0392373,NC,BAYLEAF MASTER,GW,6480,264,0.040740740740740744,4.074074074074074,0.03619319551447092,0.04583249740190137,0.0362-0.0458
NJ0251001,NJ,RIDGEWOOD WATER,GW,1140,257,0.22543859649122808,22.54385964912281,0.20212645048894745,0.25059497527489955,0.2021-0.2506
AZ0404032,AZ,PAYSON TOWN OF,GW,1560,242,0.15512820512820513,15.512820512820513,0.1380121751545539,0.17393860042271683,0.1380-0.1739
PA1460073,PA,AQUA PA MAIN SYSTEM,GW,1500,227,0.15133333333333332,15.133333333333333,0.13408910405575744,0.1703589175975869,0.1341-0.1704
NC0326127,NC,BROOKWOOD COMM WTR SYSTEM,GW,1260,216,0.17142857142857143,17.142857142857142,0.15162471359582183,0.1932298947664919,0.1516-0.1932
CA1010007,CA,CITY OF FRESNO,GW,10121,213,0.021045351249876495,2.1045351249876494,0.018425280068371807,0.02402887546133051,0.0184-0.0240
NC0326332,NC,CLIFFDALE WEST,GW,1620,179,0.11049382716049383,11.049382716049383,0.09613896218288293,0.12669163902846675,0.0961-0.1267
PA1090089,PA,NORTHAMPTON BUCKS CO MUN AUTH,GW,1020,172,0.16862745098039217,16.862745098039216,0.14690197637020452,0.192839639911064,0.1469-0.1928
NY5110526,NY,SUFFOLK COUNTY WATER AUTHORITY,GW,14418,171,0.011860174781523096,1.1860174781523096,0.010218571172214572,0.013761833660410963,0.0102-0.0138
FL1170525,FL,EMERALD COAST UTILITIES AUTHORITY,GW,1620,153,0.09444444444444444,9.444444444444445,0.08114729536609866,0.10966047800292944,0.0811-0.1097
PA1460020,PA,AMBLER BORO WATER DEPT,GW,600,146,0.24333333333333335,24.333333333333336,0.21070196752967638,0.2792304915788051,0.2107-0.2792
AL0000314,AL,COLBERT COUNTY RURAL WATER SYSTEM,SW,780,120,0.15384615384615385,15.384615384615385,0.1302271053282284,0.18085819557950605,0.1302-0.1809
NY4303673,NY,Veolia Water NY,SW,2218,116,0.05229936880072137,5.229936880072137,0.043783864368910866,0.06236303647226521,0.0438-0.0624
TX1010013,TX,"CITY OF HOUSTON, TX",SW,2880,115,0.03993055555555555,3.9930555555555554,0.033371000917325776,0.047715838248875285,0.0334-0.0477
TX1270006,TX,HAWLEY WSC,SW,480,114,0.2375,23.75,0.2016080183985512,0.2775603705948714,0.2016-0.2776
AZ0410112,AZ,TUCSON CITY OF,GW,4886,113,0.023127302496930003,2.3127302496930002,0.01927233499498815,0.02773155977330046,0.0193-0.0277
NJ0710001,NJ,LIVINGSTON TWP DIV OF WATER,GW,630,105,0.16666666666666666,16.666666666666664,0.1396032316869801,0.19777064847487733,0.1396-0.1978
MN1820025,MN,Woodbury,GW,720,105,0.14583333333333334,14.583333333333334,0.12193247613340506,0.173493484463499,0.1219-0.1735
NJ1429001,NJ,PARSIPPANY-TROY HILLS WATER DEPARTMENT,GW,870,100,0.11494252873563218,11.494252873563218,0.09541985292819698,0.1378507993273148,0.0954-0.1379
PA1460055,PA,AUDUBON WATER COMPANY,GW,480,97,0.20208333333333334,20.208333333333332,0.1685899565352852,0.24030750081439284,0.1686-0.2403
PA1460022,PA,COLLEGEVILLE TRAPPE JOINT PWD,GW,390,95,0.24358974358974358,24.358974358974358,0.2036231909232034,0.2885584374268743,0.2036-0.2886
PA1460050,PA,TELFORD BOROUGH AUTHORITY,GW,480,94,0.19583333333333333,19.583333333333332,0.16280528291313864,0.23369142179352567,0.1628-0.2337
PA1090128,PA,DTMA MAIN SYSTEM,GW,540,94,0.17407407407407408,17.40740740740741,0.14442510772604514,0.20832760556400107,0.1444-0.2083
TX1010056,TX,CLEAR LAKE CITY WATER AUTHORITY,SW,540,94,0.17407407407407408,17.40740740740741,0.14442510772604514,0.20832760556400107,0.1444-0.2083
CO0101025,CO,BRIGHTON CITY OF,GU,480,93,0.19375,19.375,0.16088008294607978,0.23148303754624663,0.1609-0.2315
CA1910042,CA,"PICO RIVERA - CITY, WATER DEPT.",GW,450,89,0.19777777777777777,19.77777777777778,0.1635996620928026,0.23707229041221237,0.1636-0.2371
TX2200012,TX,CITY OF FORT WORTH,SW,600,89,0.14833333333333334,14.833333333333334,0.12213275125695007,0.17900847518389143,0.1221-0.1790
AZ0407100,AZ,TEMPE CITY OF,SW,720,87,0.12083333333333333,12.083333333333334,0.09901602816100784,0.14667529436038357,0.0990-0.1467
TX2460001,TX,CITY OF GEORGETOWN,SW,660,87,0.1318181818181818,13.18181818181818,0.10812620566551434,0.15977143738668365,0.1081-0.1598
TX2210001,TX,CITY OF ABILENE,SW,360,87,0.24166666666666667,24.166666666666668,0.2003213616461834,0.2884671661087517,0.2003-0.2885
PR0003824,PR,PONCE URBANO,SW,1560,86,0.05512820512820513,5.512820512820513,0.04485653768161941,0.06758554085114245,0.0449-0.0676
AZ0407095,AZ,MESA CITY OF,SW,2100,85,0.04047619047619048,4.0476190476190474,0.03285231472712941,0.049778240729136884,0.0329-0.0498
NJ1918004,NJ,SPARTA TWP WATER UTILITY - LAKE MOHAWK,GW,780,85,0.10897435897435898,10.897435897435898,0.0889920588095219,0.13278948480847438,0.0890-0.1328
CO0121900,CO,WIDEFIELD WSD,GW,720,83,0.11527777777777778,11.527777777777779,0.09396476332994518,0.14067441739688785,0.0940-0.1407
IL1970250,IL,CREST HILL,GW,420,82,0.19523809523809524,19.523809523809526,0.16016217154124784,0.23583859855777034,0.1602-0.2358
FL6511311,FL,ORANGEWOOD WATER SYSTEM,GW,300,81,0.27,27.0,0.22290322460653217,0.32291275319242624,0.2229-0.3229
PA3060088,PA,PAW GLEN ALSACE DIV,GW,780,81,0.10384615384615385,10.384615384615385,0.0843432090787034,0.12723219084903714,0.0843-0.1272
NC0410035,NC,"OCEAN ISLE BEACH, TOWN OF",SW,360,81,0.225,22.5,0.18489707353921658,0.27091006890958536,0.1849-0.2709
TX1010293,TX,CITY OF PASADENA,GW,686,77,0.11224489795918367,11.224489795918368,0.09074894456548387,0.1380595239293126,0.0907-0.1381
AZ0407046,AZ,LIBERTY WATER LPSCO,GW,420,77,0.18333333333333332,18.333333333333332,0.14925376453362932,0.22315328564738174,0.1493-0.2232
MD0060003,MD,TOWN OF HAMPSTEAD,GW,600,77,0.12833333333333333,12.833333333333332,0.10391611275495638,0.1574795910190135,0.1039-0.1575
TX0710002,TX,EL PASO WATER UTILITIES PUBLIC SERVICE B,SW,1680,76,0.04523809523809524,4.523809523809524,0.036294833736887244,0.056256389608586574,0.0363-0.0563
DE0000552,DE,ARTESIAN WATER COMPANY,GW,1355,76,0.05608856088560885,5.608856088560885,0.04504518117414989,0.06964191701301187,0.0450-0.0696
NV0000272,NV,ELKO CITY OF,GW,1140,75,0.06578947368421052,6.578947368421052,0.052806700481153365,0.08168884505592099,0.0528-0.0817
NC0241030,NC,"JAMESTOWN, TOWN OF",SW,360,74,0.20555555555555555,20.555555555555554,0.16702449038040862,0.2503043692112379,0.1670-0.2503
WA5391200,WA,VANCOUVER CITY OF,GW,600,73,0.12166666666666667,12.166666666666668,0.09788859753110658,0.15025859868723948,0.0979-0.1503
PA1090081,PA,DOYLESTOWN BORO WATER DEPT,GW,300,72,0.24,24.0,0.1951523988530105,0.29142218474581205,0.1952-0.2914
NJ0228001,NJ,HO HO KUS WATER DEPT,GW,240,71,0.29583333333333334,29.583333333333332,0.24167167356650046,0.35642807643513985,0.2417-0.3564
CA1910034,CA,"DOWNEY - CITY, WATER DEPT.",GW,300,71,0.23666666666666666,23.666666666666668,0.19208795133542217,0.28790425513005197,0.1921-0.2879
AZ0407025,AZ,PHOENIX CITY OF,SW,1565,71,0.04536741214057508,4.536741214057508,0.036122577073298176,0.05683875184607777,0.0361-0.0568
LA1033005,LA,BATON ROUGE WATER COMPANY,GW,2460,70,0.028455284552845527,2.8455284552845526,0.022584053461253608,0.03579697233196297,0.0226-0.0358
CA1910240,CA,SANTA CLARITA VALLEY W.A.-VALENCIA DIVIS,MX,540,70,0.12962962962962962,12.962962962962962,0.10389403632816535,0.16059768331961444,0.1039-0.1606
PA1460048,PA,NORTH WALES WATER AUTHORITY,GW,480,70,0.14583333333333334,14.583333333333334,0.1170710662933171,0.18021961726923724,0.1171-0.1802
GA2130000,GA,CHATSWORTH,GU,660,70,0.10606060606060606,10.606060606060606,0.08480595977155221,0.13187464596330983,0.0848-0.1319
VA6061129,VA,BEALETON REGIONAL,GU,270,69,0.25555555555555554,25.555555555555554,0.2072097877309589,0.3107597245710434,0.2072-0.3108
CA3010027,CA,CITY OF ORANGE,GW,836,69,0.08253588516746412,8.253588516746412,0.06573658557877146,0.10315431003773529,0.0657-0.1032
MD0060015,MD,"CITY OF WESTMINSTER, MD",SW,840,69,0.08214285714285714,8.214285714285714,0.06542105101084314,0.1026692635695236,0.0654-0.1027
MN1700009,MN,Shakopee,GW,780,69,0.08846153846153847,8.846153846153847,0.0704968733621895,0.11046009549478365,0.0705-0.1105
AZ0407090,AZ,CHANDLER CITY OF,SW,1650,69,0.04181818181818182,4.181818181818182,0.033176416744706776,0.05258850778010867,0.0332-0.0526
CA5010010,CA,"MODESTO, CITY OF",GW,2580,68,0.02635658914728682,2.635658914728682,0.020843920546301395,0.033277663377419005,0.0208-0.0333
CA1510003,CA,CWS - BAKERSFIELD,SW,2880,67,0.02326388888888889,2.326388888888889,0.018360682140675627,0.02943722742550859,0.0184-0.0294
FL3640287,FL,DELTONA WATER,GW,660,67,0.10151515151515152,10.151515151515152,0.08073128791916914,0.1269110171126336,0.0807-0.1269
NC0351070,NC,JOHNSTON CO-WEST,SW,480,66,0.1375,13.750000000000002,0.1095578362153359,0.17119851048986678,0.1096-0.1712
GA0630000,GA,CLAYTON COUNTY WATER AUTHORITY,SW,360,66,0.18333333333333332,18.333333333333332,0.14677681131763645,0.2265768678658324,0.1468-0.2266
PA7220038,PA,SUEZ MIDDLETOWN,GW,300,66,0.22,22.0,0.17682672204095912,0.2702535987577729,0.1768-0.2703
AZ0407088,AZ,City of Avondale,GW,420,66,0.15714285714285714,15.714285714285714,0.1254633199315212,0.1950375464298742,0.1255-0.1950
NV0000190,NV,TRUCKEE MEADOWS WATER AUTHORITY,SW,4260,66,0.015492957746478873,1.5492957746478873,0.012196790293836439,0.019662179326423376,0.0122-0.0197
SC2620004,SC,GSW&SA (SC2620004),SW,615,64,0.1040650406504065,10.40650406504065,0.08233981028728496,0.13070598366063324,0.0823-0.1307
KS2000911,KS,"GREAT BEND, CITY OF",GW,600,64,0.10666666666666667,10.666666666666668,0.0844206258311507,0.13391742838704165,0.0844-0.1339
TX0570048,TX,CITY OF GRAND PRAIRIE,SW,600,63,0.105,10.5,0.08293293781237025,0.13209298951691612,0.0829-0.1321
TX0200008,TX,CITY OF PEARLAND,GW,960,63,0.065625,6.5625,0.05162749992948613,0.08308509184907997,0.0516-0.0831
CA3610015,CA,CRESTLINE VILLAGE CWD - DIVISION 10,GU,1560,63,0.04038461538461539,4.038461538461538,0.03169156012278609,0.051335774614952055,0.0317-0.0513
PA1090082,PA,QUAKERTOWN BORO,GW,430,63,0.14651162790697675,14.651162790697676,0.11621926375080907,0.18306416135180906,0.1162-0.1831
PA3390032,PA,EMMAUS BOROUGH PUBLIC WATER,GW,240,62,0.25833333333333336,25.833333333333336,0.20706787759769646,0.3172134591389391,0.2071-0.3172
NC5063011,NC,EAST MOORE WATER DISTRICT,SW,300,62,0.20666666666666667,20.666666666666668,0.16469482669421182,0.25605598557112647,0.1647-0.2561
CA1910211,CA,LIBERTY UTILITIES - BELLFLOWER-NORWALK,SW,600,62,0.10333333333333333,10.333333333333334,0.08144713052104728,0.13026666991933314,0.0814-0.1303
TX0570004,TX,DALLAS WATER UTILITY,SW,360,61,0.16944444444444445,16.944444444444446,0.13422926703780047,0.2116399243905574,0.1342-0.2116
PA3060069,PA,PAW PENN DISTRICT,GW,420,61,0.14523809523809525,14.523809523809526,0.11475563462885298,0.18215151181453537,0.1148-0.1822
TX0570050,TX,CITY OF IRVING,SW,360,61,0.16944444444444445,16.944444444444446,0.13422926703780047,0.2116399243905574,0.1342-0.2116
MD0150002,MD,TOWN OF POOLESVILLE,GU,570,61,0.10701754385964912,10.701754385964913,0.08421842082984915,0.13507833283875903,0.0842-0.1351
CA3610062,CA,RUNNING SPRINGS WATER DISTRICT,GW,630,61,0.09682539682539683,9.682539682539684,0.07611748166533612,0.12242044957805341,0.0761-0.1224
TX1080033,TX,SHARYLAND WSC,SW,360,60,0.16666666666666666,16.666666666666664,0.13173049904763864,0.208641794829697,0.1317-0.2086
CA3010001,CA,CITY OF ANAHEIM,GW,1136,60,0.0528169014084507,5.28169014084507,0.041252006786232344,0.06739607203454415,0.0413-0.0674
TX2270033,TX,MANVILLE WSC,GW,600,59,0.09833333333333333,9.833333333333332,0.07700139737451316,0.12477602239914935,0.0770-0.1248
DE0000564,DE,SUEZ WATER DELAWARE,SW,240,59,0.24583333333333332,24.583333333333332,0.1956443746767304,0.3040308243049035,0.1956-0.3040
AL0001671,AL,SHELBY COUNTY WATER SYSTEM,SW,240,58,0.24166666666666667,24.166666666666668,0.1918497206713789,0.2996234323919212,0.1918-0.2996
NC0326010,NC,FAYETTEVILLE PUBLIC WORKS COMM,SW,240,58,0.24166666666666667,24.166666666666668,0.1918497206713789,0.2996234323919212,0.1918-0.2996
TX2260027,TX,GOODFELLOW AIR FORCE BASE,SW,480,58,0.12083333333333333,12.083333333333334,0.094645757446797,0.1530419155437024,0.0946-0.1530
NJ0247001,NJ,PARK RIDGE WATER DEPT,GW,780,58,0.07435897435897436,7.435897435897436,0.05796030189139012,0.0949297718173796,0.0580-0.0949
FL4131202,FL,MDWASA/REX UTILITIES,GW,300,58,0.19333333333333333,19.333333333333332,0.15263659272359453,0.24178471100834997,0.1526-0.2418
TX0790005,TX,CITY OF SUGAR LAND,GW,660,58,0.08787878787878788,8.787878787878787,0.06859471435458714,0.11193268856803776,0.0686-0.1119
TX1260018,TX,JOHNSON COUNTY SUD,SW,1200,58,0.04833333333333333,4.833333333333333,0.037573837213022473,0.06197547226423765,0.0376-0.0620
CA1910125,CA,PICO WD,GW,240,57,0.2375,23.75,0.1880618432234884,0.2952092639214778,0.1881-0.2952
TX2270014,TX,CITY OF PFLUGERVILLE,GW,210,57,0.2714285714285714,27.142857142857142,0.21578973064590487,0.3352798460875277,0.2158-0.3353
AZ0407092,AZ,"GILBERT, TOWN OF",MX,1260,57,0.04523809523809524,4.523809523809524,0.035079302813232516,0.05816149571721624,0.0351-0.0582
TX2210013,TX,DYESS AIR FORCE BASE,SW,182,56,0.3076923076923077,30.76923076923077,0.24519072560612903,0.3781444157185259,0.2452-0.3781
NV0000090,NV,LAS VEGAS VALLEY WATER DISTRICT,SW,1830,56,0.030601092896174863,3.060109289617486,0.023640254754544884,0.03952855982573293,0.0236-0.0395
NC5043001,NC,BRAGG COMMUNITIES/NTA,SW,240,56,0.23333333333333334,23.333333333333332,0.18428086187671958,0.29078819934991273,0.1843-0.2908
PA7670073,PA,DOVER TWP WATER SYS,MX,600,56,0.09333333333333334,9.333333333333334,0.07257411793779556,0.11926692116914908,0.0726-0.1193
